name,latitude,longitude,weight
id_1,-1.3971101,36.7569011,1
id_2,-1.3651741,36.7422898,1
id_3,-1.3584951,36.7466228,1
id_4,-1.3584593,36.7467409,1
id_5,-1.3649741,36.7422702,1
id_6,-1.4038697,36.7281354,1
id_7,-1.4066009,36.729009,1
id_8,-1.4063401,36.7292277,1
id_9,-1.4057273,36.7282301,1
id_10,-1.4013057,36.7245278,1
id_11,-1.3477964,36.7136315,1
id_12,-1.3484035,36.7308901,1
id_13,-1.3642619,36.7312887,1
id_14,-1.3672896,36.7131825,1
id_15,-1.3604627,36.7445222,1
id_16,-1.3515563,36.7574172,1
id_17,-1.4309576,36.6869294,1
id_18,-1.4290626,36.6887737,1
id_19,-1.3890204,36.6835863,1
id_20,-1.4124947,36.6854364,1
id_21,-1.427299,36.6893511,1
id_22,-1.428825,36.6870946,1
id_23,-1.4303022,36.6870294,1
id_24,-1.4292645,36.6881651,1
id_25,-1.4294598,36.688214,1
id_26,-1.4291505,36.6888612,1
id_27,-1.3951719,36.7343131,1
id_28,-1.3955563,36.7409858,1
id_29,-1.394645,36.7463049,1
id_30,-1.3963297,36.7487011,1
id_31,-1.3965216,36.7488184,1
id_32,-1.3966644,36.7525335,1
id_33,-1.3960205,36.7533332,1
id_34,-1.396088,36.7536033,1
id_35,-1.3953114,36.7545096,1
id_36,-1.396227,36.7532424,1
id_37,-1.3962322,36.7533663,1
id_38,-1.396268,36.753703,1
id_39,-1.3969855,36.7538009,1
id_40,-1.3974165,36.7596259,1
id_41,-1.3974605,36.7597829,1
id_42,-1.3967543,36.7600591,1
id_43,-1.3955637,36.7622239,1
id_44,-1.3954321,36.7626575,1
id_45,-1.3947532,36.7635088,1
id_46,-1.3945585,36.7636807,1
id_47,-1.3942448,36.764015,1
id_48,-1.3682861,36.718351,1
id_49,-1.3765313,36.769099,1
id_50,-1.3650365,36.743288,1
id_51,-1.4204141,36.6879103,1
id_52,-1.3919328,36.7826549,1
id_53,-1.4013416138081334,36.79022483539025,1
id_54,-1.349377,36.9041482,1
id_55,-1.3717265,36.9321792,1
id_56,-1.3648535,36.9106264,1
id_57,-1.393066,36.9411192,1
id_58,-1.364483,36.9123746,1
id_59,-1.3642114,36.9119809,1
id_60,-1.366741,36.9149157,1
id_61,-1.3683427,36.9173911,1
id_62,-1.3713588,36.9206275,1
id_63,-1.3900484,36.9387257,1
id_64,-1.3909021,36.934438,1
id_65,-1.3927572,36.9381585,1
id_66,-1.3942875,36.9391486,1
id_67,-1.3565547,36.909287,1
id_68,-1.4190651,36.951322,1
id_69,-1.3918591,36.9405068,1
id_70,-1.3642277,36.9122316,1
id_71,-1.3640799,36.9117903,1
id_72,-1.381355391172987,36.98302901380075,1
id_73,-1.3217727,36.7060624,1
id_74,-1.2971556,36.8082543,1
id_75,-1.2917949,36.795069,1
id_76,-1.3318859,36.782038,1
id_77,-1.2873087,36.8090019,1
id_78,-1.2973428,36.8022159,1
id_79,-1.2950668,36.798867,1
id_80,-1.2644397,36.7920136,1
id_81,-1.313439,36.7798423,1
id_82,-1.3142991,36.7787721,1
id_83,-1.3060453,36.7878934,1
id_84,-1.3109875,36.7875726,1
id_85,-1.3078684,36.7860504,1
id_86,-1.3071984,36.7863291,1
id_87,-1.3072303,36.788823,1
id_88,-1.3179274,36.7782341,1
id_89,-1.3145037,36.7799739,1
id_90,-1.3140222,36.7795356,1
id_91,-1.3107977,36.7947796,1
id_92,-1.3117185,36.7991031,1
id_93,-1.315541,36.777499,1
id_94,-1.308667,36.7816587,1
id_95,-1.308227,36.7745355,1
id_96,-1.3089588,36.790372,1
id_97,-1.3080325,36.7895837,1
id_98,-1.3079831,36.7892032,1
id_99,-1.3118426,36.7926708,1
id_100,-1.31523,36.8028346,1
id_101,-1.3137747,36.7785538,1
id_102,-1.3065921,36.7834906,1
id_103,-1.3113597,36.7876252,1
id_104,-1.3121487,36.78363,1
id_105,-1.311071,36.7958747,1
id_106,-1.312525,36.7752194,1
id_107,-1.323234,36.7066686,1
id_108,-1.3229455,36.7066145,1
id_109,-1.3229757,36.7071249,1
id_110,-1.3269256,36.7296337,1
id_111,-1.3100272,36.7882765,1
id_112,-1.3120224,36.7923801,1
id_113,-1.3138445,36.7964847,1
id_114,-1.3072492,36.7888229,1
id_115,-1.3072052,36.7825137,1
id_116,-1.3087289,36.7740497,1
id_117,-1.3102797,36.7817648,1
id_118,-1.3156345,36.7753937,1
id_119,-1.3179328,36.7990986,1
id_120,-1.3077733,36.7851718,1
id_121,-1.3112343,36.7974719,1
id_122,-1.3149065,36.8051845,1
id_123,-1.2991136,36.7908621,1
id_124,-1.3118343,36.7783012,1
id_125,-1.3120781,36.7786316,1
id_126,-1.3109282,36.7756314,1
id_127,-1.3100702,36.7736246,1
id_128,-1.3268597,36.7900964,1
id_129,-1.257479,36.804119,1
id_130,-1.2570189,36.803271,1
id_131,-1.2871633,36.7930786,1
id_132,-1.2897392,36.8058059,1
id_133,-1.3142057,36.775841,1
id_134,-1.293483,36.7916908,1
id_135,-1.2885589,36.7986767,1
id_136,-1.2882536,36.7979676,1
id_137,-1.2880134,36.7984243,1
id_138,-1.2890705,36.7982817,1
id_139,-1.2908594,36.79833,1
id_140,-1.294917,36.8000929,1
id_141,-1.322328,36.7744036,1
id_142,-1.3006788,36.787028,1
id_143,-1.2992874,36.7654374,1
id_144,-1.2930186,36.7876109,1
id_145,-1.2926874,36.7881299,1
id_146,-1.2664737,36.7487577,1
id_147,-1.2626076,36.7186457,1
id_148,-1.2646913,36.7465528,1
id_149,-1.2896966,36.7693672,1
id_150,-1.2869594,36.7685189,1
id_151,-1.2937105,36.7743897,1
id_152,-1.2949982,36.784285,1
id_153,-1.2855195,36.7924978,1
id_154,-1.2685833,36.7855657,1
id_155,-1.2696063,36.7897527,1
id_156,-1.3129863,36.7980712,1
id_157,-1.3103038,36.7758087,1
id_158,-1.3104547,36.7739346,1
id_159,-1.3114073,36.7739598,1
id_160,-1.2642019,36.7955096,1
id_161,-1.2586679,36.7895546,1
id_162,-1.3010283,36.7805708,1
id_163,-1.2622794,36.7990178,1
id_164,-1.3138154,36.7815922,1
id_165,-1.2996448,36.7971119,1
id_166,-1.2555575,36.8050415,1
id_167,-1.2603589,36.786058,1
id_168,-1.2979233,36.7622883,1
id_169,-1.2980369,36.7625499,1
id_170,-1.2981708,36.7624387,1
id_171,-1.2981918,36.7630904,1
id_172,-1.2991851,36.765335,1
id_173,-1.3152872,36.7996408,1
id_174,-1.3170161,36.800483,1
id_175,-1.2933992,36.7915464,1
id_176,-1.2590042,36.7847749,1
id_177,-1.2703364,36.8099498,1
id_178,-1.2887852,36.7893258,1
id_179,-1.3015754,36.7919378,1
id_180,-1.2987297,36.7784909,1
id_181,-1.2849522,36.7379357,1
id_182,-1.2688192,36.8065534,1
id_183,-1.2686616,36.8068021,1
id_184,-1.2983202,36.7657413,1
id_185,-1.2709603,36.8010497,1
id_186,-1.2555901,36.8052925,1
id_187,-1.2709051,36.8012476,1
id_188,-1.2999459,36.7908769,1
id_189,-1.2999926,36.790073,1
id_190,-1.2888972,36.7649706,1
id_191,-1.2934912,36.7992798,1
id_192,-1.2936164,36.7992548,1
id_193,-1.2948873,36.787115,1
id_194,-1.2947617,36.7871002,1
id_195,-1.312879,36.7787174,1
id_196,-1.3009033,36.7869598,1
id_197,-1.3128243,36.7786479,1
id_198,-1.3079416,36.7808896,1
id_199,-1.2900631,36.7942104,1
id_200,-1.2988115,36.7956408,1
id_201,-1.2988518,36.7956394,1
id_202,-1.2699836,36.8094796,1
id_203,-1.3148039,36.7866069,1
id_204,-1.2957117,36.808565,1
id_205,-1.294277,36.810076,1
id_206,-1.3057606,36.7873144,1
id_207,-1.3136784,36.7894393,1
id_208,-1.2882213,36.7985387,1
id_209,-1.3012791,36.7566052,1
id_210,-1.2833039,36.7620964,1
id_211,-1.3261918,36.7101551,1
id_212,-1.3204474,36.7177325,1
id_213,-1.3111,36.795845,1
id_214,-1.3116978,36.7958354,1
id_215,-1.3078289,36.7810255,1
id_216,-1.3133159,36.7797717,1
id_217,-1.2951867,36.7988873,1
id_218,-1.3174325,36.7764559,1
id_219,-1.3158482,36.775478,1
id_220,-1.3068428,36.7794452,1
id_221,-1.3076244,36.7636451,1
id_222,-1.3068515,36.7532941,1
id_223,-1.30595,36.7882433,1
id_224,-1.299829,36.7639662,1
id_225,-1.2892529,36.783291,1
id_226,-1.2989305,36.7908658,1
id_227,-1.2628243,36.757852,1
id_228,-1.2644172,36.804635,1
id_229,-1.3069489,36.802183,1
id_230,-1.2959574,36.7791144,1
id_231,-1.2642132,36.8051922,1
id_232,-1.2929843,36.7875563,1
id_233,-1.334902,36.7068481,1
id_234,-1.2600784,36.8037236,1
id_235,-1.2632142,36.8014727,1
id_236,-1.2720438,36.8095056,1
id_237,-1.2632624,36.8036641,1
id_238,-1.2634397,36.8038193,1
id_239,-1.2928734,36.7775647,1
id_240,-1.2979773,36.7621987,1
id_241,-1.2569106,36.7519226,1
id_242,-1.2562343,36.7787681,1
id_243,-1.2592647,36.7898427,1
id_244,-1.2591228,36.7848482,1
id_245,-1.2598579,36.7920573,1
id_246,-1.2605102,36.7901717,1
id_247,-1.2626013,36.7925713,1
id_248,-1.265077,36.7877417,1
id_249,-1.2620273,36.7871347,1
id_250,-1.2701824,36.7699137,1
id_251,-1.2778902,36.7691522,1
id_252,-1.2742964,36.7618365,1
id_253,-1.266179,36.7674092,1
id_254,-1.2624667,36.7663692,1
id_255,-1.2623044,36.7573521,1
id_256,-1.263447,36.7591234,1
id_257,-1.2646334,36.7718887,1
id_258,-1.26513,36.785102,1
id_259,-1.2815517,36.7693286,1
id_260,-1.2823421,36.7636868,1
id_261,-1.2598277,36.7772994,1
id_262,-1.2682745,36.7737932,1
id_263,-1.274669,36.766745,1
id_264,-1.2907085,36.7700829,1
id_265,-1.3065203,36.7552667,1
id_266,-1.2883301,36.7430493,1
id_267,-1.2852543,36.7379571,1
id_268,-1.2850539,36.7374217,1
id_269,-1.2850361,36.7376602,1
id_270,-1.2881428,36.7511247,1
id_271,-1.2940715,36.7525681,1
id_272,-1.2929078,36.7605925,1
id_273,-1.2806157,36.7704533,1
id_274,-1.2760055,36.7713945,1
id_275,-1.2762871,36.7711424,1
id_276,-1.2748407,36.7678515,1
id_277,-1.2696639,36.7714907,1
id_278,-1.2704867,36.7737802,1
id_279,-1.2668807,36.7834431,1
id_280,-1.270443,36.7887074,1
id_281,-1.2698595,36.7918108,1
id_282,-1.2689462,36.7921927,1
id_283,-1.2688143,36.7945774,1
id_284,-1.2699279,36.7946183,1
id_285,-1.2681052,36.7978748,1
id_286,-1.2692622,36.7947978,1
id_287,-1.269594,36.7946884,1
id_288,-1.2700938,36.7960522,1
id_289,-1.268679,36.7949415,1
id_290,-1.2688629,36.7952833,1
id_291,-1.2703654,36.7980061,1
id_292,-1.2702356,36.8002884,1
id_293,-1.2701972,36.8003609,1
id_294,-1.2708618,36.8007806,1
id_295,-1.2707894,36.8011002,1
id_296,-1.2693622,36.7998112,1
id_297,-1.2704209,36.8003481,1
id_298,-1.2729132,36.7950128,1
id_299,-1.2801347,36.7813525,1
id_300,-1.2833969,36.7793227,1
id_301,-1.2854798,36.7748482,1
id_302,-1.2696676,36.8052611,1
id_303,-1.2809042,36.8076134,1
id_304,-1.267059,36.7995381,1
id_305,-1.2670487,36.8003266,1
id_306,-1.2665417,36.8017844,1
id_307,-1.2657321,36.8019783,1
id_308,-1.266078,36.8020011,1
id_309,-1.2660331,36.8020873,1
id_310,-1.2655944,36.8020622,1
id_311,-1.2664495,36.8041442,1
id_312,-1.2687005,36.8061986,1
id_313,-1.2695662,36.8056741,1
id_314,-1.2694383,36.8056208,1
id_315,-1.2696506,36.8059248,1
id_316,-1.2627912,36.8063083,1
id_317,-1.2620436,36.8056275,1
id_318,-1.2621967,36.805968,1
id_319,-1.2640466,36.800809,1
id_320,-1.2619375,36.8003609,1
id_321,-1.2605634,36.7957683,1
id_322,-1.2539861,36.7961791,1
id_323,-1.2643231,36.804567,1
id_324,-1.2615133,36.8015958,1
id_325,-1.2615227,36.8014948,1
id_326,-1.2580457,36.8060913,1
id_327,-1.2566961,36.8061059,1
id_328,-1.2969262,36.7624255,1
id_329,-1.2650241,36.8029602,1
id_330,-1.2591867,36.8045716,1
id_331,-1.2592755,36.8044345,1
id_332,-1.3206823,36.7035955,1
id_333,-1.320931,36.7037813,1
id_334,-1.3205734,36.7049801,1
id_335,-1.3261355,36.7182483,1
id_336,-1.3256304,36.7183097,1
id_337,-1.3266265,36.7178044,1
id_338,-1.3256869,36.7286043,1
id_339,-1.3282972,36.7251519,1
id_340,-1.335148,36.7154458,1
id_341,-1.2615932,36.8016541,1
id_342,-1.2615612,36.8017537,1
id_343,-1.2613207,36.8020055,1
id_344,-1.2616082,36.8017762,1
id_345,-1.2615502,36.8040079,1
id_346,-1.3228066,36.707318,1
id_347,-1.322835,36.7072556,1
id_348,-1.3240496,36.707923,1
id_349,-1.3242791,36.7085286,1
id_350,-1.3260791,36.7095882,1
id_351,-1.3262981,36.708764,1
id_352,-1.3268728,36.7091999,1
id_353,-1.3374489,36.7153472,1
id_354,-1.3374355,36.7254654,1
id_355,-1.3408918,36.7312589,1
id_356,-1.3223612,36.6946996,1
id_357,-1.3038733,36.701995,1
id_358,-1.3116874,36.7035503,1
id_359,-1.3138818,36.7008996,1
id_360,-1.3057643,36.6931108,1
id_361,-1.3409022,36.7351179,1
id_362,-1.3378888,36.737626,1
id_363,-1.3436076,36.7646459,1
id_364,-1.3436143,36.7657308,1
id_365,-1.3435674,36.7654964,1
id_366,-1.3430461,36.7526225,1
id_367,-1.3207651,36.772601,1
id_368,-1.3226417,36.8022278,1
id_369,-1.2922538,36.805881,1
id_370,-1.2928554,36.8067324,1
id_371,-1.2935454,36.8037037,1
id_372,-1.2938103,36.809074,1
id_373,-1.2946328,36.8090678,1
id_374,-1.294374,36.80896,1
id_375,-1.2946728,36.8092157,1
id_376,-1.2931598,36.8074459,1
id_377,-1.2935269,36.8068217,1
id_378,-1.2949962,36.8070004,1
id_379,-1.2951564,36.8067231,1
id_380,-1.2950856,36.8070774,1
id_381,-1.2952057,36.8068032,1
id_382,-1.2946297,36.8049115,1
id_383,-1.2948237,36.8049145,1
id_384,-1.2948761,36.8050778,1
id_385,-1.2948515,36.8053521,1
id_386,-1.294602,36.8032169,1
id_387,-1.2950245,36.8044652,1
id_388,-1.3034883,36.8061368,1
id_389,-1.3016577,36.8077387,1
id_390,-1.3067212,36.8063965,1
id_391,-1.3055226,36.8071185,1
id_392,-1.3051231,36.8071786,1
id_393,-1.3047321,36.8071958,1
id_394,-1.300312,36.7992329,1
id_395,-1.2988627,36.7995485,1
id_396,-1.2988053,36.7991624,1
id_397,-1.299979,36.8002894,1
id_398,-1.3001981,36.8011399,1
id_399,-1.3012695,36.7999768,1
id_400,-1.3015264,36.800282,1
id_401,-1.3014813,36.8005399,1
id_402,-1.300412,36.8007277,1
id_403,-1.2970653,36.801346,1
id_404,-1.300115,36.797963,1
id_405,-1.2995812,36.7958246,1
id_406,-1.3004704,36.7951622,1
id_407,-1.3013493,36.7890569,1
id_408,-1.2992138,36.765538,1
id_409,-1.2992433,36.7650884,1
id_410,-1.3012833,36.7713013,1
id_411,-1.3000003,36.7718671,1
id_412,-1.2988622,36.7733303,1
id_413,-1.2992003,36.7792501,1
id_414,-1.300479,36.7815068,1
id_415,-1.3006028,36.7815336,1
id_416,-1.3006865,36.7815202,1
id_417,-1.3003551,36.7818483,1
id_418,-1.3003417,36.7812323,1
id_419,-1.3003518,36.7815771,1
id_420,-1.3011317,36.7820928,1
id_421,-1.298976,36.7834965,1
id_422,-1.2994451,36.783558,1
id_423,-1.3004563,36.7837888,1
id_424,-1.2935677,36.7916407,1
id_425,-1.2934594,36.7916503,1
id_426,-1.2935927,36.7915792,1
id_427,-1.294083,36.7906503,1
id_428,-1.2963917,36.7911704,1
id_429,-1.3009389,36.7868119,1
id_430,-1.300341,36.7876407,1
id_431,-1.3035498,36.7870369,1
id_432,-1.300438,36.7851481,1
id_433,-1.2982741,36.7852775,1
id_434,-1.298349,36.7866334,1
id_435,-1.2983014,36.7861678,1
id_436,-1.2982083,36.7859202,1
id_437,-1.2988756,36.7878061,1
id_438,-1.2991914,36.7874987,1
id_439,-1.2991119,36.7872216,1
id_440,-1.2990007,36.7877917,1
id_441,-1.2973391,36.7953501,1
id_442,-1.2939745,36.7899979,1
id_443,-1.292433,36.7866388,1
id_444,-1.2926442,36.7866518,1
id_445,-1.2922556,36.7893024,1
id_446,-1.2922261,36.7894938,1
id_447,-1.2899173,36.8091782,1
id_448,-1.2890075,36.8063373,1
id_449,-1.2888849,36.7875523,1
id_450,-1.2890566,36.7855889,1
id_451,-1.294784,36.7764961,1
id_452,-1.2597956,36.7806637,1
id_453,-1.2596906,36.7772858,1
id_454,-1.2598501,36.7777047,1
id_455,-1.2643284,36.8028101,1
id_456,-1.264654,36.8026961,1
id_457,-1.2641363,36.8036569,1
id_458,-1.2649177,36.8049042,1
id_459,-1.2878983,36.7932649,1
id_460,-1.289163,36.792479,1
id_461,-1.2892152,36.7925971,1
id_462,-1.2893809,36.790594,1
id_463,-1.2893492,36.7955564,1
id_464,-1.2916311,36.7986588,1
id_465,-1.2620399,36.80045,1
id_466,-1.2638609,36.8051443,1
id_467,-1.2614974,36.8038271,1
id_468,-1.2644892,36.8047974,1
id_469,-1.2898787,36.7999464,1
id_470,-1.2638301,36.8022906,1
id_471,-1.263348,36.8037147,1
id_472,-1.2639833,36.8036007,1
id_473,-1.264541,36.8038153,1
id_474,-1.263758,36.8040809,1
id_475,-1.2949044,36.7821854,1
id_476,-1.2595737,36.7892633,1
id_477,-1.3119933,36.6917867,1
id_478,-1.2891736,36.7840623,1
id_479,-1.2695695,36.8073456,1
id_480,-1.2843757,36.7694082,1
id_481,-1.2986781,36.7785346,1
id_482,-1.2659515,36.802049,1
id_483,-1.3305571,36.6807872,1
id_484,-1.2999052,36.7574364,1
id_485,-1.2991792,36.7556935,1
id_486,-1.2868363,36.7606472,1
id_487,-1.2891438,36.760505,1
id_488,-1.2834817,36.7660372,1
id_489,-1.2827381,36.766926,1
id_490,-1.3263568,36.7088685,1
id_491,-1.3205128,36.703513,1
id_492,-1.2676115,36.8057427,1
id_493,-1.2601779,36.7969005,1
id_494,-1.2560059,36.797593,1
id_495,-1.2690121,36.7900926,1
id_496,-1.2850664,36.768571,1
id_497,-1.2656741,36.8020481,1
id_498,-1.2831379,36.7665737,1
id_499,-1.2693618,36.792154,1
id_500,-1.3220231,36.772024,1
id_501,-1.2535313,36.8029403,1
id_502,-1.3050185,36.7891868,1
id_503,-1.2709072,36.8012617,1
id_504,-1.3069564,36.8022686,1
id_505,-1.2613917,36.7939767,1
id_506,-1.2653633,36.6685652,1
id_507,-1.2960878,36.792119,1
id_508,-1.321399,36.7167031,1
id_509,-1.2683849,36.8090114,1
id_510,-1.2563164,36.7786955,1
id_511,-1.3113383,36.7851,1
id_512,-1.3120617,36.7785517,1
id_513,-1.3088167,36.7761853,1
id_514,-1.3150767,36.7966933,1
id_515,-1.306065,36.7881533,1
id_516,-1.3124817,36.7793433,1
id_517,-1.3098983,36.77867,1
id_518,-1.3175761,36.7995354,1
id_519,-1.3061833,36.787725,1
id_520,-1.306513,36.7880391,1
id_521,-1.3062558,36.7878372,1
id_522,-1.3063747,36.7881381,1
id_523,-1.3063732,36.787744,1
id_524,-1.3063069,36.787792,1
id_525,-1.317545,36.7769717,1
id_526,-1.312145,36.7765833,1
id_527,-1.31057,36.7730608,1
id_528,-1.3077972,36.7726849,1
id_529,-1.3104072,36.7737635,1
id_530,-1.3068967,36.77955,1
id_531,-1.3134217,36.7781333,1
id_532,-1.313839,36.7788217,1
id_533,-1.3140367,36.777735,1
id_534,-1.3144233,36.77646,1
id_535,-1.313875,36.77993,1
id_536,-1.3117817,36.7839133,1
id_537,-1.3068967,36.77972,1
id_538,-1.3122351,36.7793537,1
id_539,-1.3122182,36.7793505,1
id_540,-1.3108821,36.7848066,1
id_541,-1.3106807,36.7848151,1
id_542,-1.3095338,36.7865186,1
id_543,-1.31655,36.7936917,1
id_544,-1.3144933,36.7964667,1
id_545,-1.3174683,36.7996383,1
id_546,-1.3175405,36.8006925,1
id_547,-1.2880179,36.7457559,1
id_548,-1.2738178,36.7605194,1
id_549,-1.2667439,36.7964808,1
id_550,-1.295706,36.805975,1
id_551,-1.3004475,36.7917667,1
id_552,-1.2675001,36.809828,1
id_553,-1.287545,36.7485833,1
id_554,-1.2902533,36.75071,1
id_555,-1.2879733,36.7457533,1
id_556,-1.2886283,36.74521,1
id_557,-1.2878267,36.7488,1
id_558,-1.2999378,36.7920775,1
id_559,-1.3005491,36.7559624,1
id_560,-1.2597904,36.7804464,1
id_561,-1.2890051,36.7012128,1
id_562,-1.2890153,36.7832096,1
id_563,-1.2894018,36.784307,1
id_564,-1.2889799,36.782759,1
id_565,-1.2890668,36.7831946,1
id_566,-1.2688318,36.7220236,1
id_567,-1.2687996,36.7219405,1
id_568,-1.2690064,36.7236414,1
id_569,-1.2924044,36.7897147,1
id_570,-1.2597933,36.7805637,1
id_571,-1.2594832,36.781612,1
id_572,-1.2596809,36.7804457,1
id_573,-1.2596915,36.780656,1
id_574,-1.2595563,36.7804488,1
id_575,-1.2595573,36.7805669,1
id_576,-1.2542946,36.7104247,1
id_577,-1.2538946,36.7103999,1
id_578,-1.3276957,36.7891893,1
id_579,-1.2675472,36.7653128,1
id_580,-1.2953533,36.7977332,1
id_581,-1.295453,36.7977235,1
id_582,-1.2937735,36.8036771,1
id_583,-1.3006179,36.8053676,1
id_584,-1.3086989,36.7850263,1
id_585,-1.3144561,36.7915413,1
id_586,-1.3109487,36.7932767,1
id_587,-1.3115091,36.7927081,1
id_588,-1.3178294,36.7994565,1
id_589,-1.3102354,36.7819015,1
id_590,-1.3096775,36.7864907,1
id_591,-1.3010924,36.8085992,1
id_592,-1.2963897,36.8037051,1
id_593,-1.3097371,36.7864801,1
id_594,-1.2695014,36.7943293,1
id_595,-1.266099,36.7596493,1
id_596,-1.2941551,36.8076041,1
id_597,-1.2884545,36.7432041,1
id_598,-1.2964521,36.7911074,1
id_599,-1.2598415,36.7806057,1
id_600,-1.2611636,36.7338864,1
id_601,-1.2688377,36.7893134,1
id_602,-1.2633057,36.8015213,1
id_603,-1.2603435,36.7847022,1
id_604,-1.2754536,36.7698829,1
id_605,-1.2596983,36.708895,1
id_606,-1.2645401,36.7504612,1
id_607,-1.2626101,36.7017201,1
id_608,-1.2782873,36.8033239,1
id_609,-1.2780763,36.803778,1
id_610,-1.2597686,36.7089685,1
id_611,-1.3171353,36.7769586,1
id_612,-1.2545427,36.6927032,1
id_613,-1.3209008,36.7058936,1
id_614,-1.2885673,36.8008327,1
id_615,-1.2987376,36.7909047,1
id_616,-1.326304,36.7744835,1
id_617,-1.2932956,36.8072529,1
id_618,-1.27702,36.7628811,1
id_619,-1.2828122,36.7649263,1
id_620,-1.3172348,36.7770329,1
id_621,-1.3175197,36.7744085,1
id_622,-1.317556,36.800528,1
id_623,-1.2637717,36.7286611,1
id_624,-1.326282,36.7744761,1
id_625,-1.3262825,36.7745143,1
id_626,-1.3262854,36.774496,1
id_627,-1.3263008,36.7745068,1
id_628,-1.3153553,36.7753935,1
id_629,-1.3163203,36.776195,1
id_630,-1.3154688,36.7753889,1
id_631,-1.3262898,36.7744848,1
id_632,-1.262726,36.7663814,1
id_633,-1.310247,36.7713604,1
id_634,-1.2708783,36.7243136,1
id_635,-1.3036338,36.8010453,1
id_636,-1.2687084,36.7218207,1
id_637,-1.30245,36.8011162,1
id_638,-1.2829301,36.7666644,1
id_639,-1.288501,36.8356843,1
id_640,-1.2637747,36.8119684,1
id_641,-1.2598864,36.8428534,1
id_642,-1.2868306,36.9123201,1
id_643,-1.289789,36.8220179,1
id_644,-1.3174179,36.8154209,1
id_645,-1.3051769,36.8252852,1
id_646,-1.3256101,36.8880251,1
id_647,-1.3250666,36.8878218,1
id_648,-1.3180392,36.8873739,1
id_649,-1.3246599,36.8708928,1
id_650,-1.3197025,36.870952,1
id_651,-1.2796122,36.8155523,1
id_652,-1.2782734,36.8107235,1
id_653,-1.3259242,36.8881497,1
id_654,-1.3164031,36.8670674,1
id_655,-1.3142444,36.8834185,1
id_656,-1.3209754,36.8863102,1
id_657,-1.3201306,36.8851175,1
id_658,-1.3133854,36.8821745,1
id_659,-1.3145317,36.8811885,1
id_660,-1.3202685,36.8729355,1
id_661,-1.3257442,36.8895523,1
id_662,-1.3141866,36.8713201,1
id_663,-1.3311271,36.8960352,1
id_664,-1.313296,36.8815374,1
id_665,-1.3116447,36.8652014,1
id_666,-1.3129924,36.8828555,1
id_667,-1.3259454,36.8881355,1
id_668,-1.3238584,36.8866135,1
id_669,-1.3160417,36.8691797,1
id_670,-1.3144759,36.8844394,1
id_671,-1.3167362,36.8730871,1
id_672,-1.3165544,36.8922635,1
id_673,-1.2653194,36.8571761,1
id_674,-1.2644825,36.8571557,1
id_675,-1.2595064,36.8776423,1
id_676,-1.2638847,36.8442079,1
id_677,-1.2612731,36.8738182,1
id_678,-1.2624199,36.8649531,1
id_679,-1.2621971,36.8655274,1
id_680,-1.2596911,36.8675545,1
id_681,-1.2580157,36.8721282,1
id_682,-1.2587957,36.8711225,1
id_683,-1.261479,36.8659058,1
id_684,-1.2818769,36.8156884,1
id_685,-1.2844416,36.8196146,1
id_686,-1.287889,36.8809876,1
id_687,-1.28524,36.8222566,1
id_688,-1.2836096,36.8797326,1
id_689,-1.2845594,36.8799527,1
id_690,-1.3153006,36.8859079,1
id_691,-1.3222884,36.8871647,1
id_692,-1.3194392,36.8870659,1
id_693,-1.3279842,36.8921922,1
id_694,-1.2801737,36.8126741,1
id_695,-1.3107053,36.8636,1
id_696,-1.3163909,36.8344996,1
id_697,-1.3158117,36.8346498,1
id_698,-1.3021627,36.888236,1
id_699,-1.3019588,36.8881107,1
id_700,-1.2961508,36.8875762,1
id_701,-1.2981865,36.8300255,1
id_702,-1.3060555,36.838261,1
id_703,-1.2891329,36.8258031,1
id_704,-1.2894991,36.8265675,1
id_705,-1.2908637,36.8249138,1
id_706,-1.290076,36.8230519,1
id_707,-1.2911892,36.8216677,1
id_708,-1.2817564,36.8232414,1
id_709,-1.2789453,36.8163817,1
id_710,-1.3170357,36.8649227,1
id_711,-1.3281558,36.8894695,1
id_712,-1.285268,36.8234157,1
id_713,-1.286295,36.8196418,1
id_714,-1.324768,36.8488065,1
id_715,-1.3251573,36.8491735,1
id_716,-1.2574133,36.827159,1
id_717,-1.2834559,36.8252013,1
id_718,-1.2834988,36.8252844,1
id_719,-1.2829911,36.8219884,1
id_720,-1.2817246,36.8211363,1
id_721,-1.2845472,36.8254679,1
id_722,-1.2825521,36.8240141,1
id_723,-1.2843421,36.8211994,1
id_724,-1.281523,36.8164495,1
id_725,-1.2846692,36.8177554,1
id_726,-1.2598092,36.8746549,1
id_727,-1.2999454,36.8373959,1
id_728,-1.3014715,36.838028,1
id_729,-1.3117284,36.8707552,1
id_730,-1.316398,36.8671364,1
id_731,-1.3113139,36.8436574,1
id_732,-1.3139158,36.8420619,1
id_733,-1.305615,36.8332082,1
id_734,-1.3164881,36.8350221,1
id_735,-1.3141101,36.8275696,1
id_736,-1.3093599,36.8233303,1
id_737,-1.300836,36.8251788,1
id_738,-1.2625983,36.865205,1
id_739,-1.26084,36.8792972,1
id_740,-1.2584946,36.8793854,1
id_741,-1.2597359,36.8748624,1
id_742,-1.2647509,36.858271,1
id_743,-1.2641686,36.8593177,1
id_744,-1.2592932,36.8689328,1
id_745,-1.2652047,36.8573593,1
id_746,-1.2654908,36.8575371,1
id_747,-1.2605328,36.8652185,1
id_748,-1.262266,36.8501481,1
id_749,-1.2542578,36.8589623,1
id_750,-1.2559436,36.8609509,1
id_751,-1.2605788,36.874025,1
id_752,-1.2625881,36.8653954,1
id_753,-1.2625744,36.8654015,1
id_754,-1.2648096,36.8582172,1
id_755,-1.2617765,36.8618609,1
id_756,-1.2614276,36.8610521,1
id_757,-1.2633745,36.8616324,1
id_758,-1.254862,36.8591679,1
id_759,-1.2613521,36.8397502,1
id_760,-1.2537901,36.8591964,1
id_761,-1.3004895,36.8198221,1
id_762,-1.2673373,36.8170669,1
id_763,-1.2667172,36.8224711,1
id_764,-1.3164763,36.8153782,1
id_765,-1.3166479,36.8157484,1
id_766,-1.3167927,36.8158745,1
id_767,-1.2854209,36.8186371,1
id_768,-1.3003124,36.8235746,1
id_769,-1.2837593,36.8872446,1
id_770,-1.2832016,36.8797891,1
id_771,-1.2794691,36.8783756,1
id_772,-1.27887,36.8776154,1
id_773,-1.2727465,36.9129214,1
id_774,-1.2843916,36.8255869,1
id_775,-1.2727213,36.811254,1
id_776,-1.2728166,36.8113179,1
id_777,-1.2545455,36.8872415,1
id_778,-1.3259291,36.8325227,1
id_779,-1.3192743,36.8173637,1
id_780,-1.3163079,36.8151721,1
id_781,-1.2916903,36.8256164,1
id_782,-1.3033311,36.8103757,1
id_783,-1.2841627,36.8211451,1
id_784,-1.2783536,36.8172112,1
id_785,-1.3125637,36.8167386,1
id_786,-1.3218923,36.8271564,1
id_787,-1.2967889,36.8139493,1
id_788,-1.2794341,36.8501366,1
id_789,-1.2633569,36.8578927,1
id_790,-1.3242858,36.8325945,1
id_791,-1.3244305,36.8323911,1
id_792,-1.3248464,36.8319629,1
id_793,-1.3246739,36.8321446,1
id_794,-1.2629019,36.8641729,1
id_795,-1.3051269,36.8197318,1
id_796,-1.2859425,36.8204653,1
id_797,-1.2933003,36.8102703,1
id_798,-1.2979189,36.8136033,1
id_799,-1.3062773,36.8725897,1
id_800,-1.2861787,36.8192575,1
id_801,-1.2859416,36.8195243,1
id_802,-1.2861252,36.8193957,1
id_803,-1.2845614,36.8138007,1
id_804,-1.2596864,36.8342747,1
id_805,-1.2606154,36.8369807,1
id_806,-1.2638018,36.8608511,1
id_807,-1.3130876,36.8116386,1
id_808,-1.2858244,36.8251796,1
id_809,-1.2860965,36.8232406,1
id_810,-1.285841,36.8234747,1
id_811,-1.2871814,36.8246108,1
id_812,-1.2930564,36.8117306,1
id_813,-1.2928418,36.8115669,1
id_814,-1.2782772,36.8301523,1
id_815,-1.2853665,36.8266764,1
id_816,-1.3252366,36.8326844,1
id_817,-1.2580874,36.8186446,1
id_818,-1.2584683,36.8182644,1
id_819,-1.2608778,36.8208086,1
id_820,-1.2625135,36.8226654,1
id_821,-1.2567942,36.8241977,1
id_822,-1.2668948,36.8223896,1
id_823,-1.2678235,36.8200232,1
id_824,-1.2677003,36.8191238,1
id_825,-1.2599628,36.8349747,1
id_826,-1.2679585,36.8340183,1
id_827,-1.3175543,36.8159338,1
id_828,-1.3121609,36.8168874,1
id_829,-1.3051039,36.8237344,1
id_830,-1.2999243,36.8217285,1
id_831,-1.3001523,36.8217415,1
id_832,-1.3042579,36.8195042,1
id_833,-1.3049417,36.8205203,1
id_834,-1.3032388,36.8215722,1
id_835,-1.3011518,36.8230996,1
id_836,-1.2995402,36.8202174,1
id_837,-1.2997778,36.8198982,1
id_838,-1.2993383,36.8200252,1
id_839,-1.3027654,36.8212743,1
id_840,-1.3039803,36.8136958,1
id_841,-1.3030472,36.8107255,1
id_842,-1.3014282,36.8120947,1
id_843,-1.3020109,36.8108441,1
id_844,-1.3019197,36.8123649,1
id_845,-1.3008836,36.8157106,1
id_846,-1.3008994,36.8155997,1
id_847,-1.2997876,36.8153258,1
id_848,-1.299544,36.8145227,1
id_849,-1.3001869,36.814076,1
id_850,-1.3001235,36.8137244,1
id_851,-1.3003357,36.8138163,1
id_852,-1.3011242,36.8152101,1
id_853,-1.2990911,36.8142344,1
id_854,-1.2991291,36.8132588,1
id_855,-1.2995218,36.8140507,1
id_856,-1.2990278,36.8138828,1
id_857,-1.297761,36.8129864,1
id_858,-1.2984084,36.81234,1
id_859,-1.2958293,36.8126728,1
id_860,-1.2937106,36.812508,1
id_861,-1.2932799,36.8135502,1
id_862,-1.2924629,36.8131669,1
id_863,-1.2916237,36.8141586,1
id_864,-1.2915223,36.8147761,1
id_865,-1.291991,36.814963,1
id_866,-1.29313,36.8134187,1
id_867,-1.2935079,36.8135154,1
id_868,-1.2931596,36.8160717,1
id_869,-1.2933715,36.8126771,1
id_870,-1.2944643,36.8125841,1
id_871,-1.2944928,36.8131447,1
id_872,-1.2946354,36.81247,1
id_873,-1.299934,36.8111785,1
id_874,-1.2985835,36.8114235,1
id_875,-1.2961109,36.8152628,1
id_876,-1.2996562,36.8150348,1
id_877,-1.2985133,36.8156388,1
id_878,-1.2959466,36.8179058,1
id_879,-1.2987703,36.8162657,1
id_880,-1.2911213,36.8114217,1
id_881,-1.291192,36.8113956,1
id_882,-1.2913215,36.8115511,1
id_883,-1.2933545,36.8118161,1
id_884,-1.2922794,36.8121858,1
id_885,-1.2920115,36.8111383,1
id_886,-1.2912568,36.8108733,1
id_887,-1.2921316,36.8111968,1
id_888,-1.2898368,36.8120164,1
id_889,-1.2899908,36.8121673,1
id_890,-1.2904652,36.81185,1
id_891,-1.2858794,36.8262365,1
id_892,-1.274915,36.8311375,1
id_893,-1.2904733,36.8462133,1
id_894,-1.2790516,36.8511384,1
id_895,-1.2952669,36.8448557,1
id_896,-1.2945615,36.8508978,1
id_897,-1.2979853,36.8679906,1
id_898,-1.2844387,36.8597983,1
id_899,-1.2757375,36.8259497,1
id_900,-1.2826633,36.8230504,1
id_901,-1.2678018,36.8113062,1
id_902,-1.2716235,36.820325,1
id_903,-1.2810964,36.8171809,1
id_904,-1.281965,36.815745,1
id_905,-1.2840375,36.8179779,1
id_906,-1.2835382,36.8176042,1
id_907,-1.2827491,36.8179384,1
id_908,-1.2836738,36.8183832,1
id_909,-1.309838,36.8563389,1
id_910,-1.3077083,36.8569137,1
id_911,-1.3086777,36.8608437,1
id_912,-1.2815173,36.8251773,1
id_913,-1.2840767,36.8252734,1
id_914,-1.2816044,36.8178286,1
id_915,-1.2820393,36.8213899,1
id_916,-1.2814405,36.8208429,1
id_917,-1.284206,36.8206009,1
id_918,-1.2860477,36.8226326,1
id_919,-1.2856303,36.8224344,1
id_920,-1.2845511,36.8206143,1
id_921,-1.2823497,36.8211081,1
id_922,-1.2830841,36.8181108,1
id_923,-1.2802965,36.8186139,1
id_924,-1.2871401,36.8215488,1
id_925,-1.2823479,36.8232481,1
id_926,-1.2824015,36.8233044,1
id_927,-1.2856891,36.8233339,1
id_928,-1.285917,36.8230898,1
id_929,-1.2856167,36.8223468,1
id_930,-1.2856811,36.8236048,1
id_931,-1.2850804,36.8246616,1
id_932,-1.2839702,36.8232078,1
id_933,-1.2839005,36.823299,1
id_934,-1.2839836,36.8232561,1
id_935,-1.2831792,36.8224514,1
id_936,-1.2830371,36.822202,1
id_937,-1.2837018,36.822318,1
id_938,-1.2843239,36.8210091,1
id_939,-1.2847791,36.821524,1
id_940,-1.284837,36.8215365,1
id_941,-1.2853492,36.8205678,1
id_942,-1.2859616,36.8203775,1
id_943,-1.2821056,36.8193918,1
id_944,-1.2857605,36.821154,1
id_945,-1.2863078,36.8209797,1
id_946,-1.2859185,36.8220422,1
id_947,-1.2862071,36.8210368,1
id_948,-1.2851237,36.8195333,1
id_949,-1.2849669,36.8183765,1
id_950,-1.2847231,36.8189259,1
id_951,-1.2845576,36.8188022,1
id_952,-1.2844525,36.819203,1
id_953,-1.2869568,36.819236,1
id_954,-1.2888146,36.8257127,1
id_955,-1.2889849,36.8252198,1
id_956,-1.2911835,36.8230366,1
id_957,-1.2910954,36.8230683,1
id_958,-1.289761,36.8234312,1
id_959,-1.2904051,36.8242254,1
id_960,-1.2872908,36.8262017,1
id_961,-1.2876204,36.8263605,1
id_962,-1.287923,36.825857,1
id_963,-1.2869673,36.8267156,1
id_964,-1.2889162,36.8227433,1
id_965,-1.2877163,36.8256323,1
id_966,-1.2883634,36.8260353,1
id_967,-1.2889721,36.8249329,1
id_968,-1.2897056,36.8245175,1
id_969,-1.2909368,36.8252434,1
id_970,-1.2872846,36.8244096,1
id_971,-1.3050269,36.8391551,1
id_972,-1.3010364,36.8252577,1
id_973,-1.3009277,36.8254459,1
id_974,-1.2714037,36.9184132,1
id_975,-1.2873224,36.8187806,1
id_976,-1.311401,36.8686981,1
id_977,-1.3103768,36.8743511,1
id_978,-1.2668518,36.8500546,1
id_979,-1.2656931,36.8592079,1
id_980,-1.3306555,36.9240238,1
id_981,-1.3306859,36.9238174,1
id_982,-1.2834974,36.8183619,1
id_983,-1.3279991,36.8941246,1
id_984,-1.2939074,36.8112792,1
id_985,-1.2978699,36.813085,1
id_986,-1.2675516,36.9056199,1
id_987,-1.3104708,36.8480651,1
id_988,-1.313324,36.8540249,1
id_989,-1.3190374,36.8363368,1
id_990,-1.3239257,36.8438832,1
id_991,-1.3262767,36.8482464,1
id_992,-1.3270921,36.8497882,1
id_993,-1.3270009,36.8499633,1
id_994,-1.3276856,36.8533589,1
id_995,-1.3288813,36.8527191,1
id_996,-1.3302129,36.8649596,1
id_997,-1.3298642,36.8666199,1
id_998,-1.3300144,36.8661076,1
id_999,-1.3300439,36.865952,1
id_1000,-1.3296846,36.8683353,1
id_1001,-1.3315509,36.8663007,1
id_1002,-1.3363293,36.8659628,1
id_1003,-1.3310118,36.8709352,1
id_1004,-1.3348254,36.8771472,1
id_1005,-1.3374001,36.8935547,1
id_1006,-1.2645234,36.8114972,1
id_1007,-1.2559069,36.8568454,1
id_1008,-1.2680478,36.8200709,1
id_1009,-1.2570352,36.8258197,1
id_1010,-1.3006698,36.8251155,1
id_1011,-1.3096868,36.9132836,1
id_1012,-1.3082312,36.9128548,1
id_1013,-1.3083808,36.9120122,1
id_1014,-1.3077946,36.9035061,1
id_1015,-1.3220525,36.8994239,1
id_1016,-1.3216223,36.8989006,1
id_1017,-1.3030625,36.8884886,1
id_1018,-1.3002343,36.8892963,1
id_1019,-1.2971732,36.8919197,1
id_1020,-1.2808941,36.9053207,1
id_1021,-1.2826798,36.8795465,1
id_1022,-1.2953701,36.8873731,1
id_1023,-1.2627647,36.8106074,1
id_1024,-1.2826665,36.8791572,1
id_1025,-1.3005838,36.8341787,1
id_1026,-1.272324,36.9110142,1
id_1027,-1.2705923,36.9133442,1
id_1028,-1.2699877,36.9135303,1
id_1029,-1.2689128,36.9139512,1
id_1030,-1.3272288,36.8291377,1
id_1031,-1.2851454,36.8194964,1
id_1032,-1.3102496,36.9278858,1
id_1033,-1.3148397,36.9259604,1
id_1034,-1.3099894,36.8560903,1
id_1035,-1.2537421,36.8810552,1
id_1036,-1.3078117,36.8213099,1
id_1037,-1.2851592,36.8195029,1
id_1038,-1.3025966,36.856621,1
id_1039,-1.3188563,36.8736475,1
id_1040,-1.3186731,36.8737461,1
id_1041,-1.3008841,36.8883189,1
id_1042,-1.2624913,36.86443,1
id_1043,-1.2657867,36.8456917,1
id_1044,-1.2650367,36.845025,1
id_1045,-1.2636633,36.8547133,1
id_1046,-1.2657317,36.8454883,1
id_1047,-1.2653167,36.845335,1
id_1048,-1.263655,36.857965,1
id_1049,-1.2561409,36.8322306,1
id_1050,-1.2669721,36.844207,1
id_1051,-1.2658623,36.8546783,1
id_1052,-1.2673567,36.8444117,1
id_1053,-1.2624033,36.8530267,1
id_1054,-1.2646533,36.8509533,1
id_1055,-1.2625567,36.8527317,2
id_1056,-1.2637617,36.8546183,1
id_1057,-1.263665,36.8546233,1
id_1058,-1.2646417,36.8451533,1
id_1059,-1.2618017,36.8587367,1
id_1060,-1.2636,36.8579,1
id_1061,-1.2611645,36.8627429,1
id_1062,-1.2585833,36.8617433,1
id_1063,-1.2580809,36.8179013,1
id_1064,-1.2589272,36.8643022,1
id_1065,-1.2653666,36.84421,1
id_1066,-1.2658106,36.8454841,1
id_1067,-1.3132826,36.896595,1
id_1068,-1.3030477,36.9042595,1
id_1069,-1.317912,36.8965208,1
id_1070,-1.3273069,36.9010435,1
id_1071,-1.3297388,36.8675962,1
id_1072,-1.3302187,36.8652159,1
id_1073,-1.2811463,36.8441006,1
id_1074,-1.2775578,36.8481309,1
id_1075,-1.3183412,36.8937074,1
id_1076,-1.3202275,36.8457371,1
id_1077,-1.284468,36.884371,1
id_1078,-1.3130358,36.8923199,1
id_1079,-1.2727366,36.8435184,1
id_1080,-1.3238004,36.8975698,1
id_1081,-1.2741825,36.8420883,1
id_1082,-1.2796498,36.8461108,1
id_1083,-1.3114979,36.8552249,1
id_1084,-1.3251657,36.8878712,1
id_1085,-1.30904,36.8805,2
id_1086,-1.31069,36.8704,1
id_1087,-1.30895,36.8813,2
id_1088,-1.2576963,36.8909245,1
id_1089,-1.3083805,36.86318,1
id_1090,-1.310581,36.8624078,1
id_1091,-1.3136574,36.8283841,1
id_1092,-1.2551804,36.8932694,1
id_1093,-1.2621628,36.8225785,1
id_1094,-1.2620405,36.844982,1
id_1095,-1.267676,36.9164122,1
id_1096,-1.2948477,36.8117706,1
id_1097,-1.3167715,36.9226644,1
id_1098,-1.2586544,36.81813,1
id_1099,-1.270031,36.8112985,1
id_1100,-1.2822681,36.8226047,1
id_1101,-1.2579024,36.8154637,1
id_1102,-1.2996266,36.924436,1
id_1103,-1.2880488,36.8272924,1
id_1104,-1.2878866,36.8242334,1
id_1105,-1.3137243,36.8370572,1
id_1106,-1.3258706,36.8969904,1
id_1107,-1.2982537,36.8334286,1
id_1108,-1.2973426,36.8307531,1
id_1109,-1.2777962,36.8354136,1
id_1110,-1.332876,36.9178283,1
id_1111,-1.3051466,36.8375498,1
id_1112,-1.2848045,36.8300477,1
id_1113,-1.2623411,36.8651838,1
id_1114,-1.2657169,36.8538962,1
id_1115,-1.262445,36.8645018,1
id_1116,-1.2692801,36.8419923,1
id_1117,-1.2657082,36.8538969,1
id_1118,-1.2621695,36.8643422,1
id_1119,-1.2622205,36.864782,1
id_1120,-1.2654684,36.8556602,1
id_1121,-1.2716559,36.8274962,1
id_1122,-1.3140854,36.8590529,1
id_1123,-1.3419773,36.9058587,1
id_1124,-1.3225536,36.838256,1
id_1125,-1.2841569,36.813769,1
id_1126,-1.3095012,36.8530293,1
id_1127,-1.2867067,36.8136108,1
id_1128,-1.2820904,36.827446,1
id_1129,-1.29807,36.8824353,1
id_1130,-1.3351282,36.916923,1
id_1131,-1.2550325,36.8865041,1
id_1132,-1.3093943,36.8789335,1
id_1133,-1.2544897,36.8188471,1
id_1134,-1.310614,36.873479,1
id_1135,-1.3107693,36.8720542,2
id_1136,-1.3112688,36.8620467,1
id_1137,-1.3119896,36.862329,1
id_1138,-1.3101699,36.863336,1
id_1139,-1.305167,36.8834406,1
id_1140,-1.3098764,36.8628527,1
id_1141,-1.3105204,36.8630323,1
id_1142,-1.3142072,36.8958419,1
id_1143,-1.3049374,36.8724158,1
id_1144,-1.3077101,36.8523717,1
id_1145,-1.2711324,36.9968745,1
id_1146,-1.2535821,36.9838118,1
id_1147,-1.2786827,36.9673613,1
id_1148,-1.2808503,36.9628196,1
id_1149,-1.2787325,36.9673839,1
id_1150,-1.2751018,36.9990749,1
id_1151,-1.2743312,37.0048184,1
id_1152,-1.2616383,36.9757304,1
id_1153,-1.279414,36.965066,1
id_1154,-1.2798627,36.9651332,1
id_1155,-1.2866612,36.9728427,1
id_1156,-1.2889759,36.971493,1
id_1157,-1.2891668,36.9705038,1
id_1158,-1.2780646,36.9570054,1
id_1159,-1.2890248,36.9743757,1
id_1160,-1.2859067,36.9846534,1
id_1161,-1.2884395,36.9741546,1
id_1162,-1.2832685,36.964827,1
id_1163,-1.279785,36.9648806,1
id_1164,-1.2725841019799604,36.97574395680014,1
id_1165,-1.2497606,36.7847727,1
id_1166,-1.2362733,36.8088637,1
id_1167,-1.1778684,36.7548197,1
id_1168,-1.2324655,36.809847,1
id_1169,-1.2062695,36.8053552,1
id_1170,-1.2294482,36.8050641,1
id_1171,-1.2335911,36.8073939,1
id_1172,-1.2325033,36.8046961,1
id_1173,-1.2345515,36.802324,1
id_1174,-1.2448838,36.6635374,1
id_1175,-1.2446637,36.6637148,1
id_1176,-1.2448109,36.6639784,1
id_1177,-1.2431555,36.6635574,1
id_1178,-1.2309081,36.7980161,1
id_1179,-1.1974196,36.6979282,1
id_1180,-1.2412573,36.7287553,1
id_1181,-1.228296,36.761308,1
id_1182,-1.1925712,36.7426596,1
id_1183,-1.1933016,36.7448512,1
id_1184,-1.2049083,36.7779213,1
id_1185,-1.2067467,36.7855641,1
id_1186,-1.2070487,36.7841222,1
id_1187,-1.2410998,36.7537081,1
id_1188,-1.2415412,36.7491238,1
id_1189,-1.2526464,36.7854168,1
id_1190,-1.2482339,36.7826589,1
id_1191,-1.2489074,36.8003683,1
id_1192,-1.2286698,36.8052175,1
id_1193,-1.2289671,36.8051627,1
id_1194,-1.2111728,36.7943877,1
id_1195,-1.2107182,36.7954831,1
id_1196,-1.2022413,36.7856568,1
id_1197,-1.2003523,36.8026446,1
id_1198,-1.2523621,36.7536597,1
id_1199,-1.2312747,36.7976905,1
id_1200,-1.1715107,36.7276315,1
id_1201,-1.1776361,36.7500827,1
id_1202,-1.2346983,36.6752256,1
id_1203,-1.2453927,36.6807039,1
id_1204,-1.2485815,36.6759398,1
id_1205,-1.2297322,36.8048519,1
id_1206,-1.2513296,36.8016606,1
id_1207,-1.2324279,36.8001065,1
id_1208,-1.1951653,36.7497255,1
id_1209,-1.2481703,36.7958917,1
id_1210,-1.2513533,36.7658142,1
id_1211,-1.2273656,36.8064645,1
id_1212,-1.2353126,36.8060811,1
id_1213,-1.2217565,36.7801717,1
id_1214,-1.2144798,36.7676885,1
id_1215,-1.2275187,36.8064805,1
id_1216,-1.2200042,36.713666,1
id_1217,-1.2206291,36.7128029,1
id_1218,-1.2206403,36.7130352,1
id_1219,-1.2201333,36.7137336,1
id_1220,-1.2204161,36.7152319,1
id_1221,-1.2223169,36.7218083,1
id_1222,-1.2221538,36.7212753,1
id_1223,-1.2438149,36.7679367,1
id_1224,-1.2524111,36.6862035,1
id_1225,-1.2361862,36.8100473,1
id_1226,-1.2402799,36.745373,1
id_1227,-1.2327493,36.815024,1
id_1228,-1.2327506,36.8145348,1
id_1229,-1.2326508,36.8149357,1
id_1230,-1.233862,36.8165549,1
id_1231,-1.2332856,36.8117155,1
id_1232,-1.2234907,36.8337249,1
id_1233,-1.233225,36.8121391,1
id_1234,-1.2502308,36.8739138,1
id_1235,-1.2511422,36.8709161,1
id_1236,-1.1978002,36.9271846,1
id_1237,-1.1797407,36.9289954,1
id_1238,-1.179848,36.9291456,1
id_1239,-1.2038378,36.9155192,1
id_1240,-1.2505667,36.8916715,1
id_1241,-1.2470286,36.8857097,1
id_1242,-1.2419549,36.8934577,1
id_1243,-1.247564,36.8796434,1
id_1244,-1.2471738,36.8863899,1
id_1245,-1.2355786,36.8114999,1
id_1246,-1.235356,36.8113819,1
id_1247,-1.2499761,36.8470733,1
id_1248,-1.2324897,36.8120047,1
id_1249,-1.2507244,36.8182072,1
id_1250,-1.2497855,36.8202048,1
id_1251,-1.2488507,36.8200261,1
id_1252,-1.2326796,36.814582,1
id_1253,-1.2198801,36.888721,1
id_1254,-1.2361445,36.811318,1
id_1255,-1.2327436,36.8150859,1
id_1256,-1.2216177,36.8965477,1
id_1257,-1.2161466,36.9305307,1
id_1258,-1.2524705,36.88893,1
id_1259,-1.2468034,36.8913689,1
id_1260,-1.2460944,36.8922938,1
id_1261,-1.2195566,36.8942535,1
id_1262,-1.2518504,36.8273903,1
id_1263,-1.1753046,36.830559,1
id_1264,-1.2480193,36.8596219,1
id_1265,-1.2508881,36.8570048,1
id_1266,-1.2497329,36.856487,1
id_1267,-1.2262171,36.8133796,1
id_1268,-1.251796,36.8185479,1
id_1269,-1.1724064,36.8299675,1
id_1270,-1.1735237,36.8317229,1
id_1271,-1.1716327,36.8298908,1
id_1272,-1.1710879,36.8287176,1
id_1273,-1.1709288,36.828497,1
id_1274,-1.1708182,36.8277381,1
id_1275,-1.1713282,36.8293217,1
id_1276,-1.1713602,36.8280979,1
id_1277,-1.1705122,36.8274284,1
id_1278,-1.1717944,36.8288551,1
id_1279,-1.1681648,36.8257876,1
id_1280,-1.1726646,36.8335482,1
id_1281,-1.1720723,36.8347459,1
id_1282,-1.1720478,36.8293289,1
id_1283,-1.1673945,36.8251792,1
id_1284,-1.1716938,36.841188,1
id_1285,-1.171429,36.8283947,1
id_1286,-1.2104015,36.868819,1
id_1287,-1.2014195,36.851104,1
id_1288,-1.2257283,36.8401939,1
id_1289,-1.2252765,36.8403062,1
id_1290,-1.2265048,36.8388315,1
id_1291,-1.2496574,36.8205499,1
id_1292,-1.2484209,36.8174702,1
id_1293,-1.2222802,36.8234467,1
id_1294,-1.2252355,36.8400543,1
id_1295,-1.2257762,36.8401255,1
id_1296,-1.2252948,36.8401927,1
id_1297,-1.2179143,36.8999967,1
id_1298,-1.232587,36.8779934,1
id_1299,-1.2322988,36.8790582,1
id_1300,-1.2321906,36.8778405,1
id_1301,-1.2321621,36.8784365,1
id_1302,-1.2258785,36.8398238,1
id_1303,-1.2454328,36.8689072,1
id_1304,-1.2469685,36.8717162,1
id_1305,-1.2206801,36.8939766,1
id_1306,-1.2522076,36.8584189,1
id_1307,-1.2337052,36.8684454,1
id_1308,-1.2197058,36.8887996,1
id_1309,-1.2198743,36.8889511,1
id_1310,-1.2199404,36.8889468,1
id_1311,-1.2528693,36.8273505,1
id_1312,-1.2363673,36.875123,1
id_1313,-1.2330105,36.8783882,1
id_1314,-1.2272103,36.8851084,1
id_1315,-1.2204025,36.8929128,1
id_1316,-1.2177258,36.8978325,1
id_1317,-1.2185138,36.9006039,1
id_1318,-1.2239259,36.9025116,1
id_1319,-1.2229187,36.9040791,1
id_1320,-1.2216349,36.9134342,1
id_1321,-1.2274914,36.9184403,1
id_1322,-1.2364175,36.93493,1
id_1323,-1.204584,36.9176291,1
id_1324,-1.2042152,36.9176159,1
id_1325,-1.2046134,36.9185343,1
id_1326,-1.1948217,36.9454396,1
id_1327,-1.1838928,36.9281603,1
id_1328,-1.1768237,36.940419,1
id_1329,-1.2502353,36.814854,1
id_1330,-1.2224821,36.9110107,1
id_1331,-1.21684,36.8969445,1
id_1332,-1.234992,36.890578,1
id_1333,-1.2448837,36.8715391,1
id_1334,-1.2098616,36.9049052,1
id_1335,-1.2078519,36.9122476,1
id_1336,-1.2227595,36.8132606,1
id_1337,-1.2339735,36.8659654,1
id_1338,-1.2070307,36.8826109,1
id_1339,-1.226956,36.883031,1
id_1340,-1.2184586,36.8847124,1
id_1341,-1.2525485,36.8779622,1
id_1342,-1.2158651,36.8860687,1
id_1343,-1.2494578,36.9338202,1
id_1344,-1.25026,36.8885,1
id_1345,-1.251073,36.8919,1
id_1346,-1.25023,36.8898,1
id_1347,-1.2272208,36.885157,1
id_1348,-1.2371215,36.9361775,1
id_1349,-1.2056241,36.9133769,1
id_1350,-1.2355795,36.8115096,1
id_1351,-1.1937141,36.910672,1
id_1352,-1.2413743,36.8780121,1
id_1353,-1.2414999,36.878915,1
id_1354,-1.2441422,36.8776088,1
id_1355,-1.244853,36.8781322,1
id_1356,-1.2449992,36.8751317,1
id_1357,-1.2488861,36.8585313,1
id_1358,-1.2225117,36.912543,1
id_1359,-1.2215622,36.9133541,1
id_1360,-1.2492682,36.8587118,1
id_1361,-1.1910181,36.9137476,1
id_1362,-1.2298311,36.9271553,1
id_1363,-1.2289806,36.9276219,1
id_1364,-1.248791,36.9489339,1
id_1365,-1.2520224,36.9522048,1
id_1366,-1.2510086,36.8857836,1
id_1367,-1.2388597,36.8447442,1
id_1368,-1.252237,36.8133986,1
id_1369,-1.1917032,36.9350826,1
id_1370,-1.1783079,36.8919343,1
id_1371,-1.1663681,36.8246294,1
id_1372,-1.2527663,36.9233396,1
id_1373,-1.23873,36.9002637,1
id_1374,-1.231144,36.8662959,1
id_1375,-1.2465345,36.8911528,1
id_1376,-1.2204777,36.9143696,1
id_1377,-1.1819836,36.9277772,1
id_1378,-1.1797358,36.9341273,1
id_1379,-1.1797105,36.9338895,1
id_1380,-1.2181187,36.8146287,1
id_1381,-1.2343025,36.8664493,1
id_1382,-1.1776434,37.0075333,1
id_1383,-1.179471964481199,36.95895405188977,1
